<?xml version="1.0" encoding="UTF-8" standalone="yes"?>
<styleSheet xmlns="http://schemas.openxmlformats.org/spreadsheetml/2006/main" 
	xmlns:mc="http://schemas.openxmlformats.org/markup-compatibility/2006" 
	mc:Ignorable="x14ac x16r2 xr" 
	xmlns:x14ac="http://schemas.microsoft.com/office/spreadsheetml/2009/9/ac" 
	xmlns:x16r2="http://schemas.microsoft.com/office/spreadsheetml/2015/02/main" 
	xmlns:xr="http://schemas.microsoft.com/office/spreadsheetml/2014/revision">

	<!-- $Insert Number Formats$ -->

	<!-- $Insert Fonts$ -->

	<!-- $Insert Fills$ -->

	<!-- $Insert Borders$ -->

	<cellStyleXfs count="1">
		<xf numFmtId="0" fontId="0" fillId="0" borderId="0"/>
	</cellStyleXfs>

	<!-- $Insert all Styles$ -->

	<cellStyles count="1">
		<cellStyle name="Standard" xfId="0" builtinId="0"/>
	</cellStyles>

	<dxfs count="0"/>

	<tableStyles count="0" defaultTableStyle="TableStyleMedium2" defaultPivotStyle="PivotStyleLight16"/>

	<extLst>
		<ext uri="{00000000-0000-0000-0000-000000000000}" xmlns:x14="http://schemas.microsoft.com/office/spreadsheetml/2009/9/main"><x14:slicerStyles defaultSlicerStyle="SlicerStyleLight1"/></ext>
		<ext uri="{00000000-0000-0000-0000-000000000000}" xmlns:x15="http://schemas.microsoft.com/office/spreadsheetml/2010/11/main"><x15:timelineStyles defaultTimelineStyle="TimeSlicerStyleLight1"/></ext>
	</extLst>

</styleSheet>