<?xml version="1.0" encoding="UTF-8" standalone="yes"?>
<Properties xmlns="http://schemas.openxmlformats.org/officeDocument/2006/extended-properties" xmlns:vt="http://schemas.openxmlformats.org/officeDocument/2006/docPropsVTypes">
	<TotalTime>0</TotalTime>
	<Application>Microsoft Excel</Application>
	<DocSecurity>0</DocSecurity>
	<ScaleCrop>false</ScaleCrop>
	<HeadingPairs>
		<vt:vector size="2" baseType="variant">
			<vt:variant><vt:lpstr>Arbeitsblätter</vt:lpstr></vt:variant>
			<vt:variant><vt:i4>$sheet count$</vt:i4></vt:variant> <!-- B4P: change sheet count -->
		</vt:vector>
	</HeadingPairs>
	<TitlesOfParts>
		<vt:vector size="$sheet count$" baseType="lpstr"> <!-- B4P: change sheet count -->
			<vt:lpstr>$sheet name$</vt:lpstr>   <!-- B4P: 1 sheet per row, assign sheet names -->
		</vt:vector>
	</TitlesOfParts>
	<Company></Company>
	<LinksUpToDate>false</LinksUpToDate>
	<SharedDoc>false</SharedDoc>
	<HyperlinksChanged>false</HyperlinksChanged>
	<AppVersion>16.0300</AppVersion>
</Properties>