<?xml version="1.0" encoding="UTF-8" standalone="yes"?>
<cp:coreProperties xmlns:cp="http://schemas.openxmlformats.org/package/2006/metadata/core-properties" xmlns:dc="http://purl.org/dc/elements/1.1/" xmlns:dcterms="http://purl.org/dc/terms/" xmlns:dcmitype="http://purl.org/dc/dcmitype/" xmlns:xsi="http://www.w3.org/2001/XMLSchema-instance">
	<dc:creator>$user name$</dc:creator>  <!-- B4P: Change user name -->
	<cp:lastModifiedBy>$user name$</cp:lastModifiedBy>  <!-- B4P: Change user name -->
	<dcterms:created xsi:type="dcterms:W3CDTF">$time stamp$</dcterms:created>  <!-- B4P: Provide time stamp in W3CDTF format -->
	<dcterms:modified xsi:type="dcterms:W3CDTF">$time stamp$</dcterms:modified> <!-- B4P: Provide time stamp in W3CDTF format  -->
</cp:coreProperties>